{
	"credit": "Made with Blockbench",
	"textures": {
		"0": "item/mechanical_grip",
		"particle": "item/mechanical_grip"
	},
	"elements": [
		{
			"from": [6, 7, 18],
			"to": [10, 10, 24],
			"rotation": {"angle": 0, "axis": "y", "origin": [9, 7.5, 20.5]},
			"faces": {
				"north": {"uv": [7.33333, 15, 8.66667, 16], "texture": "#0"},
				"east": {"uv": [5.33333, 14, 7.33333, 15], "texture": "#0"},
				"south": {"uv": [7.33333, 15, 8.66667, 16], "texture": "#0"},
				"west": {"uv": [5.33333, 15, 7.33333, 16], "texture": "#0"},
				"up": {"uv": [5.33333, 16, 4, 14], "texture": "#0"},
				"down": {"uv": [3, 14, 1.66667, 16], "texture": "#0"}
			}
		},
		{
			"from": [7, 2.8, 22.4],
			"to": [9, 8.8, 25.4],
			"rotation": {"angle": -22.5, "axis": "x", "origin": [8.5, 3.5, 25]},
			"faces": {
				"north": {"uv": [3.33333, 14, 4, 16], "texture": "#0"},
				"east": {"uv": [3, 14, 4, 16], "texture": "#0"},
				"south": {"uv": [3.33333, 14, 4, 16], "texture": "#0"},
				"west": {"uv": [3, 14, 4, 16], "texture": "#0"},
				"up": {"uv": [4, 15.33333, 3.33333, 14.33333], "texture": "#0"},
				"down": {"uv": [11.66667, 12.66667, 11, 13.66667], "texture": "#0"}
			}
		},
		{
			"from": [5.5, 6, 16],
			"to": [10.5, 10, 18],
			"rotation": {"angle": 0, "axis": "y", "origin": [9, 7.5, 18.5]},
			"faces": {
				"north": {"uv": [9.66667, 12.66667, 11.33333, 14], "texture": "#0"},
				"east": {"uv": [12, 12.66667, 11.33333, 14], "texture": "#0"},
				"south": {"uv": [9.66667, 12.66667, 11.33333, 14], "texture": "#0"},
				"west": {"uv": [11.33333, 12.66667, 12, 14], "texture": "#0"},
				"up": {"uv": [11.33333, 12.66667, 9.66667, 13.33333], "texture": "#0"},
				"down": {"uv": [11.33333, 13.33333, 9.66667, 14], "texture": "#0"}
			}
		},
		{
			"from": [7.5, 3.8, 20.4],
			"to": [8.5, 9.8, 22.4],
			"rotation": {"angle": -22.5, "axis": "x", "origin": [8, 4.5, 23]},
			"faces": {
				"north": {"uv": [11.66667, 13, 9.66667, 13.33333], "rotation": 90, "texture": "#0"},
				"east": {"uv": [11.66667, 12.66667, 9.66667, 13.33333], "rotation": 90, "texture": "#0"},
				"south": {"uv": [11.66667, 12.66667, 9.66667, 13], "rotation": 90, "texture": "#0"},
				"west": {"uv": [11.66667, 12.66667, 9.66667, 13.33333], "rotation": 90, "texture": "#0"},
				"down": {"uv": [11.33333, 12.66667, 11, 13.33333], "texture": "#0"}
			}
		},
		{
			"name": "Cap",
			"from": [5, 5, -8],
			"to": [11, 11, -6],
			"rotation": {"angle": 0, "axis": "y", "origin": [8, 8, 11]},
			"faces": {
				"north": {"uv": [14, 16, 16, 14], "texture": "#0"},
				"east": {"uv": [15, 12, 15.66667, 14], "texture": "#0"},
				"south": {"uv": [12, 14, 14, 16], "texture": "#0"},
				"west": {"uv": [15.66667, 12, 15, 14], "texture": "#0"},
				"up": {"uv": [15.66667, 14, 15, 12], "rotation": 90, "texture": "#0"},
				"down": {"uv": [15, 14, 15.66667, 12], "rotation": 90, "texture": "#0"}
			}
		},
		{
			"from": [9, 11, -10],
			"to": [11, 13, -6],
			"rotation": {"angle": 0, "axis": "y", "origin": [9, 7, 6]},
			"faces": {
				"north": {"uv": [15.33333, 10.66667, 16, 10], "texture": "#0"},
				"east": {"uv": [14.66667, 9.33333, 16, 10], "texture": "#0"},
				"south": {"uv": [15.33333, 10.66667, 16, 10], "texture": "#0"},
				"west": {"uv": [14.66667, 10, 16, 9.33333], "texture": "#0"},
				"up": {"uv": [16, 10, 14.66667, 9.33333], "rotation": 90, "texture": "#0"},
				"down": {"uv": [14.66667, 9.33333, 16, 10], "rotation": 90, "texture": "#0"}
			}
		},
		{
			"name": "Cap",
			"from": [4.5, 4.5, 4],
			"to": [11.5, 11.5, 6],
			"rotation": {"angle": 0, "axis": "y", "origin": [8, 8, 11]},
			"faces": {
				"north": {"uv": [12, 11.66667, 14.33333, 14], "texture": "#0"},
				"east": {"uv": [15, 11.66667, 15.66667, 14], "texture": "#0"},
				"south": {"uv": [12, 11.66667, 14.33333, 14], "texture": "#0"},
				"west": {"uv": [15.66667, 11.66667, 15, 14], "texture": "#0"},
				"up": {"uv": [15.66667, 14, 15, 11.66667], "rotation": 90, "texture": "#0"},
				"down": {"uv": [15, 14, 15.66667, 11.66667], "rotation": 90, "texture": "#0"}
			}
		},
		{
			"name": "Cap",
			"from": [5, 5, 0],
			"to": [11, 11, 4],
			"rotation": {"angle": 0, "axis": "y", "origin": [8, 8, 29]},
			"faces": {
				"north": {"uv": [10, 14, 12, 16], "texture": "#0"},
				"east": {"uv": [8.66667, 14, 10, 16], "texture": "#0"},
				"south": {"uv": [10, 14, 12, 16], "texture": "#0"},
				"west": {"uv": [8.66667, 14, 10, 16], "texture": "#0"},
				"up": {"uv": [10, 16, 8.66667, 14], "rotation": 90, "texture": "#0"},
				"down": {"uv": [8.66667, 16, 10, 14], "rotation": 90, "texture": "#0"}
			}
		},
		{
			"name": "Cap",
			"from": [7, 7, -6],
			"to": [9, 9, 0],
			"rotation": {"angle": 0, "axis": "y", "origin": [8, 8, 29]},
			"faces": {
				"north": {"uv": [15.33333, 10, 16, 10.66667], "texture": "#0"},
				"east": {"uv": [14.33333, 13.66667, 15, 11.66667], "rotation": 90, "texture": "#0"},
				"south": {"uv": [15.33333, 10, 16, 10.66667], "texture": "#0"},
				"west": {"uv": [14.33333, 11.66667, 15, 13.66667], "rotation": 90, "texture": "#0"},
				"up": {"uv": [15, 13.66667, 14.33333, 11.66667], "texture": "#0"},
				"down": {"uv": [15, 11.66667, 14.33333, 13.66667], "texture": "#0"}
			}
		},
		{
			"from": [7, 11, -10],
			"to": [9, 13, -6],
			"rotation": {"angle": 0, "axis": "y", "origin": [9, 7, 6]},
			"faces": {
				"north": {"uv": [15.33333, 10.66667, 16, 10], "texture": "#0"},
				"east": {"uv": [14.66667, 9.33333, 16, 10], "texture": "#0"},
				"south": {"uv": [15.33333, 10.66667, 16, 10], "texture": "#0"},
				"west": {"uv": [14.66667, 10, 16, 9.33333], "texture": "#0"},
				"up": {"uv": [16, 10, 14.66667, 9.33333], "rotation": 90, "texture": "#0"},
				"down": {"uv": [14.66667, 9.33333, 16, 10], "rotation": 90, "texture": "#0"}
			}
		},
		{
			"from": [5, 11, -11],
			"to": [7, 13, -6],
			"rotation": {"angle": 0, "axis": "y", "origin": [9, 7, 6]},
			"faces": {
				"north": {"uv": [15.33333, 10.66667, 16, 10], "texture": "#0"},
				"east": {"uv": [14.33333, 9.33333, 16, 10], "texture": "#0"},
				"south": {"uv": [15.33333, 10.66667, 16, 10], "texture": "#0"},
				"west": {"uv": [14.33333, 10, 16, 9.33333], "texture": "#0"},
				"up": {"uv": [16, 10, 14.33333, 9.33333], "rotation": 90, "texture": "#0"},
				"down": {"uv": [14.33333, 9.33333, 16, 10], "rotation": 90, "texture": "#0"}
			}
		},
		{
			"from": [3, 6, -9],
			"to": [5, 8, -6],
			"rotation": {"angle": 0, "axis": "y", "origin": [9, 7, 6]},
			"faces": {
				"north": {"uv": [15.33333, 10.66667, 16, 10], "texture": "#0"},
				"east": {"uv": [15, 9.33333, 16, 10], "texture": "#0"},
				"south": {"uv": [15.33333, 10.66667, 16, 10], "texture": "#0"},
				"west": {"uv": [15, 10, 16, 9.33333], "texture": "#0"},
				"up": {"uv": [16, 10, 15, 9.33333], "rotation": 90, "texture": "#0"},
				"down": {"uv": [15, 9.33333, 16, 10], "rotation": 90, "texture": "#0"}
			}
		},
		{
			"name": "Cap",
			"from": [7, 7, 6],
			"to": [9, 9, 12],
			"rotation": {"angle": 0, "axis": "y", "origin": [8, 8, 29]},
			"faces": {
				"north": {"uv": [15.33333, 10, 16, 10.66667], "texture": "#0"},
				"east": {"uv": [14.33333, 13.66667, 15, 11.66667], "rotation": 90, "texture": "#0"},
				"south": {"uv": [15.33333, 10, 16, 10.66667], "texture": "#0"},
				"west": {"uv": [14.33333, 11.66667, 15, 13.66667], "rotation": 90, "texture": "#0"},
				"up": {"uv": [15, 13.66667, 14.33333, 11.66667], "texture": "#0"},
				"down": {"uv": [15, 11.66667, 14.33333, 13.66667], "texture": "#0"}
			}
		},
		{
			"name": "Cap",
			"from": [5, 5, 12],
			"to": [11, 11, 16],
			"rotation": {"angle": 0, "axis": "y", "origin": [8, 8, 29]},
			"faces": {
				"north": {"uv": [10, 14, 12, 16], "texture": "#0"},
				"east": {"uv": [8.66667, 14, 10, 16], "texture": "#0"},
				"south": {"uv": [10, 14, 12, 16], "texture": "#0"},
				"west": {"uv": [8.66667, 14, 10, 16], "texture": "#0"},
				"up": {"uv": [10, 16, 8.66667, 14], "rotation": 90, "texture": "#0"},
				"down": {"uv": [8.66667, 16, 10, 14], "rotation": 90, "texture": "#0"}
			}
		}
	],
	"display": {
		"thirdperson_righthand": {
			"translation": [0, 0.5, -6.75],
			"scale": [0.55, 0.55, 0.55]
		},
		"thirdperson_lefthand": {
			"translation": [0, 0.5, -6.75],
			"scale": [0.55, 0.55, 0.55]
		},
		"firstperson_righthand": {
			"rotation": [11, 11, 0],
			"translation": [0.25, 3.25, -3.75],
			"scale": [0.5, 0.5, 0.5]
		},
		"firstperson_lefthand": {
			"rotation": [11, 11, 0],
			"translation": [0.25, 3.25, -3.75],
			"scale": [0.5, 0.5, 0.5]
		},
		"ground": {
			"scale": [0.5, 0.5, 0.5]
		},
		"gui": {
			"rotation": [-23, 145, 0],
			"translation": [0.5, -0.25, 0],
			"scale": [0.625, 0.625, 0.625]
		},
		"fixed": {
			"rotation": [0, 90, 0],
			"scale": [0.8, 0.8, 0.8]
		}
	}
}