{
	"credit": "Made with Blockbench",
	"texture_size": [64, 64],
	"textures": {
		"0": "item/funnel_drop"
	},
	"elements": [
		{
			"from": [0.25, 0.25, 10],
			"to": [15.75, 15.75, 16],
			"rotation": {"angle": 0, "axis": "y", "origin": [8, 8.49545, 11.91838]},
			"faces": {
				"north": {"uv": [0, 4, 4, 8], "texture": "#0"},
				"east": {"uv": [2, 8, 3.5, 12], "texture": "#0"},
				"south": {"uv": [0, 0, 4, 4], "texture": "#0"},
				"west": {"uv": [2.25, 8, 3.75, 12], "texture": "#0"},
				"up": {"uv": [13.5, 3.5, 9.5, 2], "rotation": 180, "texture": "#0"},
				"down": {"uv": [13.5, 2, 9.5, 3.5], "rotation": 180, "texture": "#0"}
			}
		},
		{
			"from": [2, 0, 7],
			"to": [4, 9, 8],
			"rotation": {"angle": 0, "axis": "y", "origin": [8, 8.49545, 11.91838]},
			"faces": {
				"north": {"uv": [10, 11, 10.5, 13.25], "texture": "#0"},
				"east": {"uv": [1.75, 12, 2, 14.25], "texture": "#0"},
				"south": {"uv": [10.5, 3.5, 11, 5.75], "texture": "#0"},
				"west": {"uv": [1.5, 12, 1.75, 14.25], "texture": "#0"},
				"up": {"uv": [8, 6.25, 7.5, 6], "rotation": 180, "texture": "#0"},
				"down": {"uv": [7.5, 6.25, 8, 6.5], "rotation": 180, "texture": "#0"}
			}
		},
		{
			"from": [10, 0, 7],
			"to": [12, 9, 8],
			"rotation": {"angle": 0, "axis": "y", "origin": [8, 8.49545, 11.91838]},
			"faces": {
				"north": {"uv": [11, 11, 11.5, 13.25], "texture": "#0"},
				"east": {"uv": [2.25, 12, 2.5, 14.25], "texture": "#0"},
				"south": {"uv": [10.5, 11, 11, 13.25], "texture": "#0"},
				"west": {"uv": [2, 12, 2.25, 14.25], "texture": "#0"},
				"up": {"uv": [8, 6.75, 7.5, 6.5], "rotation": 180, "texture": "#0"},
				"down": {"uv": [7.5, 6.75, 8, 7], "rotation": 180, "texture": "#0"}
			}
		},
		{
			"from": [8, 0, 7],
			"to": [10, 9, 8],
			"rotation": {"angle": 0, "axis": "y", "origin": [8, 8.49545, 11.91838]},
			"faces": {
				"north": {"uv": [6.5, 11.5, 7, 13.75], "texture": "#0"},
				"east": {"uv": [2.75, 12, 3, 14.25], "texture": "#0"},
				"south": {"uv": [11.5, 3.5, 12, 5.75], "texture": "#0"},
				"west": {"uv": [2.5, 12, 2.75, 14.25], "texture": "#0"},
				"up": {"uv": [10, 3.75, 9.5, 3.5], "rotation": 180, "texture": "#0"},
				"down": {"uv": [9.5, 3.75, 10, 4], "rotation": 180, "texture": "#0"}
			}
		},
		{
			"from": [6, 0, 7],
			"to": [8, 9, 8],
			"rotation": {"angle": 0, "axis": "y", "origin": [8, 8.49545, 11.91838]},
			"faces": {
				"north": {"uv": [7.5, 11.5, 8, 13.75], "texture": "#0"},
				"east": {"uv": [3.25, 12, 3.5, 14.25], "texture": "#0"},
				"south": {"uv": [7, 11.5, 7.5, 13.75], "texture": "#0"},
				"west": {"uv": [3, 12, 3.25, 14.25], "texture": "#0"},
				"up": {"uv": [10.5, 3.75, 10, 3.5], "rotation": 180, "texture": "#0"},
				"down": {"uv": [10, 3.75, 10.5, 4], "rotation": 180, "texture": "#0"}
			}
		},
		{
			"from": [4, 0, 7],
			"to": [6, 9, 8],
			"rotation": {"angle": 0, "axis": "y", "origin": [8, 8.49545, 11.91838]},
			"faces": {
				"north": {"uv": [8.5, 11.5, 9, 13.75], "texture": "#0"},
				"east": {"uv": [12, 3.5, 12.25, 5.75], "texture": "#0"},
				"south": {"uv": [8, 11.5, 8.5, 13.75], "texture": "#0"},
				"west": {"uv": [3.5, 12, 3.75, 14.25], "texture": "#0"},
				"up": {"uv": [11, 6, 10.5, 5.75], "rotation": 180, "texture": "#0"},
				"down": {"uv": [11, 8, 11.5, 8.25], "rotation": 180, "texture": "#0"}
			}
		},
		{
			"from": [12, 0, 7],
			"to": [14, 9, 8],
			"rotation": {"angle": 0, "axis": "y", "origin": [8, 8.49545, 11.91838]},
			"faces": {
				"north": {"uv": [9.5, 11.5, 10, 13.75], "texture": "#0"},
				"east": {"uv": [12, 8, 12.25, 10.25], "texture": "#0"},
				"south": {"uv": [9, 11.5, 9.5, 13.75], "texture": "#0"},
				"west": {"uv": [3.75, 12, 4, 14.25], "texture": "#0"},
				"up": {"uv": [11.5, 8.5, 11, 8.25], "rotation": 180, "texture": "#0"},
				"down": {"uv": [11, 8.5, 11.5, 8.75], "rotation": 180, "texture": "#0"}
			}
		},
		{
			"from": [0, 0.68626, 5.07726],
			"to": [2, 16.68626, 13.07726],
			"rotation": {"angle": -22.5, "axis": "x", "origin": [8, 8.49545, 11.16838]},
			"faces": {
				"north": {"uv": [4, 11, 4.5, 15], "texture": "#0"},
				"east": {"uv": [6, 7, 8, 11], "texture": "#0"},
				"south": {"uv": [11, 3.5, 11.5, 7.5], "texture": "#0"},
				"west": {"uv": [6, 7, 8, 11], "texture": "#0"},
				"up": {"uv": [12, 13, 11.5, 11], "rotation": 180, "texture": "#0"},
				"down": {"uv": [0.5, 12, 0, 14], "rotation": 180, "texture": "#0"}
			}
		},
		{
			"from": [14, 0.68626, 5.07726],
			"to": [16, 16.68626, 13.07726],
			"rotation": {"angle": -22.5, "axis": "x", "origin": [8, 8.49545, 11.16838]},
			"faces": {
				"north": {"uv": [5, 11, 5.5, 15], "texture": "#0"},
				"east": {"uv": [0, 8, 2, 12], "texture": "#0"},
				"south": {"uv": [4.5, 11, 5, 15], "texture": "#0"},
				"west": {"uv": [7.5, 0, 9.5, 4], "texture": "#0"},
				"up": {"uv": [1, 14, 0.5, 12], "rotation": 180, "texture": "#0"},
				"down": {"uv": [1.5, 12, 1, 14], "rotation": 180, "texture": "#0"}
			}
		},
		{
			"from": [2, 10.68626, 5.07726],
			"to": [14, 16.68626, 13.07726],
			"rotation": {"angle": -22.5, "axis": "x", "origin": [8, 8.49545, 11.16838]},
			"faces": {
				"north": {"uv": [9.5, 0, 12.5, 1.5], "texture": "#0"},
				"east": {"uv": [10, 9.5, 12, 11], "texture": "#0"},
				"south": {"uv": [8, 8, 11, 9.5], "texture": "#0"},
				"west": {"uv": [8, 9.5, 10, 11], "texture": "#0"},
				"up": {"uv": [10.5, 6, 7.5, 4], "rotation": 180, "texture": "#0"},
				"down": {"uv": [11, 6, 8, 8], "rotation": 180, "texture": "#0"}
			}
		}
	],
	"display": {
		"thirdperson_righthand": {
			"rotation": [0, 129, 0],
			"scale": [0.3, 0.3, 0.3]
		},
		"thirdperson_lefthand": {
			"rotation": [0, 129, 0],
			"scale": [0.3, 0.3, 0.3]
		},
		"firstperson_righthand": {
			"rotation": [0, 135, 0],
			"scale": [0.4, 0.4, 0.4]
		},
		"firstperson_lefthand": {
			"rotation": [0, 135, 0],
			"scale": [0.4, 0.4, 0.4]
		},
		"ground": {
			"translation": [0, 2, 0],
			"scale": [0.25, 0.25, 0.25]
		},
		"gui": {
			"rotation": [30, -144, 0],
			"translation": [0.75, -0.5, 0],
			"scale": [0.625, 0.625, 0.625]
		},
		"fixed": {
			"translation": [0, 0, -16],
			"scale": [2.01, 2.01, 2.01]
		}
	},
	"groups": [
		{
			"name": "group",
			"origin": [8, 8, 4],
			"color": 0,
			"children": [
				0,
				{
					"name": "group",
					"origin": [0, 0, 0],
					"color": 0,
					"children": [1, 2, 3, 4, 5, 6]
				},
				{
					"name": "group",
					"origin": [8, 8, 4],
					"color": 0,
					"children": [7, 8, 9]
				}
			]
		}
	]
}