{
  "parent": "item/generated",
  "textures": {
    "layer0": "item/item_frame"
  },
  "overrides": [
    {
      "predicate": { "custom_model_data": 1000 },
      "model": "item/prospecting_machine"
    },
    {
      "predicate": { "custom_model_data": 1002 },
      "model": "item/chute"
    },
    {
      "predicate": { "custom_model_data": 1003 },
      "model": "item/funnel_collect"
    },
    {
      "predicate": { "custom_model_data": 1004 },
      "model": "item/funnel_collect_interact"
    },
    {
      "predicate": { "custom_model_data": 1005 },
      "model": "item/copper_fan"
    },
    {
      "predicate": { "custom_model_data": 1006 },
      "model": "item/copper_fan_powered"
    },
    {
      "predicate": { "custom_model_data": 1007 },
      "model": "item/spike_trap"
    },
    {
      "predicate": { "custom_model_data": 1008 },
      "model": "item/powered_spike_trap"
    },
    {
      "predicate": { "custom_model_data": 1009 },
      "model": "item/saw"
    },
    {
      "predicate": { "custom_model_data": 1010 },
      "model": "item/powered_saw"
    },
    {
      "predicate": { "custom_model_data": 1011 },
      "model": "item/deployer"
    },
    {
      "predicate": { "custom_model_data": 1012 },
      "model": "item/powered_deployer"
    },
    {
      "predicate": { "custom_model_data": 1013 },
      "model": "item/drill"
    },
    {
      "predicate": { "custom_model_data": 1014 },
      "model": "item/powered_drill"
    },
    {
      "predicate": { "custom_model_data": 1015 },
      "model": "item/funnel_drop"
    },
    {
      "predicate": { "custom_model_data": 1016 },
      "model": "item/funnel_drop_interact"
    },
    {
      "predicate": { "custom_model_data": 1017 },
      "model": "item/millstone"
    },
    {
      "predicate": { "custom_model_data": 1018 },
      "model": "item/powered_millstone"
    },
    {
      "predicate": { "custom_model_data": 1019 },
      "model": "item/powered_drill_break"
    },
    {
      "predicate": { "custom_model_data": 1020 },
      "model": "item/redstone_link"
    },
    {
      "predicate": { "custom_model_data": 1021 },
      "model": "item/powered_redstone_link"
    },
    {
      "predicate": { "custom_model_data": 1022 },
      "model": "item/redstone_receiver"
    },
    {
      "predicate": { "custom_model_data": 1023 },
      "model": "item/powered_redstone_receiver"
    },
    {
      "predicate": { "custom_model_data": 1024 },
      "model": "item/mechanical_harvester"
    },
    {
      "predicate": { "custom_model_data": 1025 },
      "model": "item/powered_harvester_0"
    },
    {
      "predicate": { "custom_model_data": 1026 },
      "model": "item/powered_harvester_225"
    },
    {
      "predicate": { "custom_model_data": 1027 },
      "model": "item/powered_harvester_45"
    },
    {
      "predicate": { "custom_model_data": 1028 },
      "model": "item/powered_harvester_675"
    },
    {
      "predicate": { "custom_model_data": 1029 },
      "model": "item/slime_glue_block"
    },
    {
      "predicate": { "custom_model_data": 1030 },
      "model": "item/honey_glue_block"
    }
  ]
}