{
	"credit": "Made with Blockbench",
	"texture_size": [32, 32],
	"textures": {
		"1": "item/powered_spike_trap"
	},
	"elements": [
		{
			"from": [0, 0, 0],
			"to": [16, 6, 16],
			"faces": {
				"north": {"uv": [8, 0, 16, 3], "texture": "#1"},
				"east": {"uv": [8, 0, 16, 3], "texture": "#1"},
				"south": {"uv": [8, 0, 16, 3], "texture": "#1"},
				"west": {"uv": [8, 0, 16, 3], "texture": "#1"},
				"up": {"uv": [8, 8, 0, 0], "texture": "#1"},
				"down": {"uv": [8, 8, 0, 16], "texture": "#1"}
			}
		},
		{
			"from": [3, 6, 2],
			"to": [3, 14, 4],
			"rotation": {"angle": 0, "axis": "y", "origin": [3, 6, 3]},
			"faces": {
				"north": {"uv": [16, 3, 16, 7], "texture": "#1"},
				"east": {"uv": [8, 3, 9, 7], "texture": "#1"},
				"south": {"uv": [16, 3, 16, 7], "texture": "#1"},
				"west": {"uv": [8, 3, 9, 7], "texture": "#1"},
				"up": {"uv": [16, 3, 16, 4], "texture": "#1"},
				"down": {"uv": [16, 3, 16, 4], "texture": "#1"}
			}
		},
		{
			"from": [12, 6, 3],
			"to": [14, 14, 3],
			"rotation": {"angle": 0, "axis": "y", "origin": [3, 6, 3]},
			"faces": {
				"north": {"uv": [8, 3, 9, 7], "texture": "#1"},
				"east": {"uv": [16, 3, 16, 7], "texture": "#1"},
				"south": {"uv": [8, 3, 9, 7], "texture": "#1"},
				"west": {"uv": [16, 3, 16, 7], "texture": "#1"},
				"up": {"uv": [16, 3, 16, 4], "rotation": 270, "texture": "#1"},
				"down": {"uv": [16, 3, 16, 4], "rotation": 90, "texture": "#1"}
			}
		},
		{
			"from": [13, 6, 2],
			"to": [13, 14, 4],
			"rotation": {"angle": 0, "axis": "y", "origin": [3, 6, 3]},
			"faces": {
				"north": {"uv": [16, 3, 16, 7], "texture": "#1"},
				"east": {"uv": [8, 3, 9, 7], "texture": "#1"},
				"south": {"uv": [16, 3, 16, 7], "texture": "#1"},
				"west": {"uv": [8, 3, 9, 7], "texture": "#1"},
				"up": {"uv": [16, 3, 16, 4], "texture": "#1"},
				"down": {"uv": [16, 3, 16, 4], "texture": "#1"}
			}
		},
		{
			"from": [2, 6, 3],
			"to": [4, 14, 3],
			"rotation": {"angle": 0, "axis": "y", "origin": [3, 6, 3]},
			"faces": {
				"north": {"uv": [8, 3, 9, 7], "texture": "#1"},
				"east": {"uv": [16, 3, 16, 7], "texture": "#1"},
				"south": {"uv": [8, 3, 9, 7], "texture": "#1"},
				"west": {"uv": [16, 3, 16, 7], "texture": "#1"},
				"up": {"uv": [16, 3, 16, 4], "rotation": 270, "texture": "#1"},
				"down": {"uv": [16, 3, 16, 4], "rotation": 90, "texture": "#1"}
			}
		},
		{
			"from": [3, 6, 12],
			"to": [3, 14, 14],
			"rotation": {"angle": 0, "axis": "y", "origin": [3, 6, 3]},
			"faces": {
				"north": {"uv": [16, 3, 16, 7], "texture": "#1"},
				"east": {"uv": [8, 3, 9, 7], "texture": "#1"},
				"south": {"uv": [16, 3, 16, 7], "texture": "#1"},
				"west": {"uv": [8, 3, 9, 7], "texture": "#1"},
				"up": {"uv": [16, 3, 16, 4], "texture": "#1"},
				"down": {"uv": [16, 3, 16, 4], "texture": "#1"}
			}
		},
		{
			"from": [2, 6, 13],
			"to": [4, 14, 13],
			"rotation": {"angle": 0, "axis": "y", "origin": [3, 6, 3]},
			"faces": {
				"north": {"uv": [8, 3, 9, 7], "texture": "#1"},
				"east": {"uv": [16, 3, 16, 7], "texture": "#1"},
				"south": {"uv": [8, 3, 9, 7], "texture": "#1"},
				"west": {"uv": [16, 3, 16, 7], "texture": "#1"},
				"up": {"uv": [16, 3, 16, 4], "rotation": 270, "texture": "#1"},
				"down": {"uv": [16, 3, 16, 4], "rotation": 90, "texture": "#1"}
			}
		},
		{
			"from": [13, 6, 12],
			"to": [13, 14, 14],
			"rotation": {"angle": 0, "axis": "y", "origin": [3, 6, 3]},
			"faces": {
				"north": {"uv": [16, 3, 16, 7], "texture": "#1"},
				"east": {"uv": [8, 3, 9, 7], "texture": "#1"},
				"south": {"uv": [16, 3, 16, 7], "texture": "#1"},
				"west": {"uv": [8, 3, 9, 7], "texture": "#1"},
				"up": {"uv": [16, 3, 16, 4], "texture": "#1"},
				"down": {"uv": [16, 3, 16, 4], "texture": "#1"}
			}
		},
		{
			"from": [12, 6, 13],
			"to": [14, 14, 13],
			"rotation": {"angle": 0, "axis": "y", "origin": [3, 6, 3]},
			"faces": {
				"north": {"uv": [8, 3, 9, 7], "texture": "#1"},
				"east": {"uv": [16, 3, 16, 7], "texture": "#1"},
				"south": {"uv": [8, 3, 9, 7], "texture": "#1"},
				"west": {"uv": [16, 3, 16, 7], "texture": "#1"},
				"up": {"uv": [16, 3, 16, 4], "rotation": 270, "texture": "#1"},
				"down": {"uv": [16, 3, 16, 4], "rotation": 90, "texture": "#1"}
			}
		},
		{
			"from": [7, 6, 3],
			"to": [9, 16, 3],
			"rotation": {"angle": 0, "axis": "y", "origin": [3, 6, 3]},
			"faces": {
				"north": {"uv": [9, 3, 10, 8], "texture": "#1"},
				"east": {"uv": [16, 3, 16, 8], "texture": "#1"},
				"south": {"uv": [9, 3, 10, 8], "texture": "#1"},
				"west": {"uv": [16, 3, 16, 8], "texture": "#1"},
				"up": {"uv": [16, 3, 16, 4], "rotation": 270, "texture": "#1"},
				"down": {"uv": [16, 3, 16, 4], "rotation": 90, "texture": "#1"}
			}
		},
		{
			"from": [7, 6, 13],
			"to": [9, 16, 13],
			"rotation": {"angle": 0, "axis": "y", "origin": [3, 6, 3]},
			"faces": {
				"north": {"uv": [9, 3, 10, 8], "texture": "#1"},
				"east": {"uv": [16, 3, 16, 8], "texture": "#1"},
				"south": {"uv": [9, 3, 10, 8], "texture": "#1"},
				"west": {"uv": [16, 3, 16, 8], "texture": "#1"},
				"up": {"uv": [16, 3, 16, 4], "rotation": 270, "texture": "#1"},
				"down": {"uv": [16, 3, 16, 4], "rotation": 90, "texture": "#1"}
			}
		},
		{
			"from": [3, 6, 7],
			"to": [3, 16, 9],
			"rotation": {"angle": 0, "axis": "y", "origin": [3, 6, 3]},
			"faces": {
				"north": {"uv": [16, 3, 16, 8], "texture": "#1"},
				"east": {"uv": [9, 3, 10, 8], "texture": "#1"},
				"south": {"uv": [16, 3, 16, 8], "texture": "#1"},
				"west": {"uv": [9, 3, 10, 8], "texture": "#1"},
				"up": {"uv": [16, 3, 16, 4], "texture": "#1"},
				"down": {"uv": [16, 3, 16, 4], "texture": "#1"}
			}
		},
		{
			"from": [13, 6, 7],
			"to": [13, 16, 9],
			"rotation": {"angle": 0, "axis": "y", "origin": [3, 6, 3]},
			"faces": {
				"north": {"uv": [16, 3, 16, 8], "texture": "#1"},
				"east": {"uv": [9, 3, 10, 8], "texture": "#1"},
				"south": {"uv": [16, 3, 16, 8], "texture": "#1"},
				"west": {"uv": [9, 3, 10, 8], "texture": "#1"},
				"up": {"uv": [16, 3, 16, 4], "texture": "#1"},
				"down": {"uv": [16, 3, 16, 4], "texture": "#1"}
			}
		}
	],
	"display": {
		"thirdperson_righthand": {
			"rotation": [0, -51, 0],
			"scale": [0.3, 0.3, 0.3]
		},
		"thirdperson_lefthand": {
			"rotation": [0, -45, 0],
			"scale": [0.3, 0.3, 0.3]
		},
		"firstperson_righthand": {
			"rotation": [0, -45, 0],
			"scale": [0.4, 0.4, 0.4]
		},
		"firstperson_lefthand": {
			"rotation": [0, -45, 0],
			"scale": [0.4, 0.4, 0.4]
		},
		"ground": {
			"translation": [0, 2, 0],
			"scale": [0.25, 0.25, 0.25]
		},
		"gui": {
			"rotation": [30, 45, 0],
			"scale": [0.625, 0.625, 0.625]
		},
		"fixed": {
			"rotation": [-90, 0, 0],
			"translation": [0, 0, -16],
			"scale": [2.01, 2.01, 2.01]
		}
	}
}