{
	"credit": "Made with Blockbench",
	"texture_size": [32, 32],
	"textures": {
		"1": "item/powered_drill_head",
		"3": "item/break_animated",
		"5": "item/powered_drill",
		"particle": "item/powered_drill_head"
	},
	"elements": [
		{
			"from": [0, 0, 0],
			"to": [16, 8, 16],
			"rotation": {"angle": 0, "axis": "y", "origin": [8, 8, 8]},
			"faces": {
				"north": {"uv": [0, 4, 4, 6], "texture": "#5"},
				"east": {"uv": [0, 4, 4, 6], "texture": "#5"},
				"south": {"uv": [0, 4, 4, 6], "texture": "#5"},
				"west": {"uv": [0, 4, 4, 6], "texture": "#5"},
				"up": {"uv": [4, 4, 0, 0], "rotation": 180, "texture": "#5"},
				"down": {"uv": [8, 0, 4, 4], "rotation": 270, "texture": "#5"}
			}
		},
		{
			"from": [4, 11, 4],
			"to": [12, 14, 12],
			"rotation": {"angle": -45, "axis": "y", "origin": [8, 3, 8]},
			"faces": {
				"north": {"uv": [5, 0, 9, 1.5], "texture": "#1"},
				"east": {"uv": [5, 0, 9, 1.5], "texture": "#1"},
				"south": {"uv": [5, 0, 9, 1.5], "texture": "#1"},
				"west": {"uv": [5, 0, 9, 1.5], "texture": "#1"},
				"up": {"uv": [0.5, 0.5, 4.5, 4.5], "texture": "#1"},
				"down": {"uv": [0.5, 0.5, 4.5, 4.5], "texture": "#1"}
			}
		},
		{
			"from": [3, 8, 3],
			"to": [13, 11, 13],
			"rotation": {"angle": -45, "axis": "y", "origin": [8, 3, 8]},
			"faces": {
				"north": {"uv": [5, 0, 10, 1.5], "texture": "#1"},
				"east": {"uv": [5, 0, 10, 1.5], "texture": "#1"},
				"south": {"uv": [5, 0, 10, 1.5], "texture": "#1"},
				"west": {"uv": [5, 0, 10, 1.5], "texture": "#1"},
				"up": {"uv": [5, 5, 0, 0], "texture": "#1"},
				"down": {"uv": [5, 0, 0, 5], "texture": "#1"}
			}
		},
		{
			"from": [5, 14, 5],
			"to": [11, 16, 11],
			"rotation": {"angle": -45, "axis": "y", "origin": [8, 3, 8]},
			"faces": {
				"north": {"uv": [5, 0, 8, 1], "texture": "#1"},
				"east": {"uv": [5, 0, 8, 1], "texture": "#1"},
				"south": {"uv": [5, 0, 8, 1], "texture": "#1"},
				"west": {"uv": [5, 0, 8, 1], "texture": "#1"},
				"up": {"uv": [1, 1, 4, 4], "texture": "#1"},
				"down": {"uv": [1, 1, 4, 4], "texture": "#1"}
			}
		},
		{
			"from": [6, 16, 6],
			"to": [10, 18, 10],
			"rotation": {"angle": -45, "axis": "y", "origin": [8, 3, 8]},
			"faces": {
				"north": {"uv": [5, 0, 7, 1], "texture": "#1"},
				"east": {"uv": [5, 0, 7, 1], "texture": "#1"},
				"south": {"uv": [5, 0, 7, 1], "texture": "#1"},
				"west": {"uv": [5, 0, 7, 1], "texture": "#1"},
				"up": {"uv": [1.5, 1.5, 3.5, 3.5], "rotation": 90, "texture": "#1"},
				"down": {"uv": [1.5, 1.5, 3.5, 3.5], "rotation": 270, "texture": "#1"}
			}
		},
		{
			"from": [7, 18, 7],
			"to": [9, 20, 9],
			"rotation": {"angle": -45, "axis": "y", "origin": [8, 3, 8]},
			"faces": {
				"north": {"uv": [5, 0, 6, 1], "texture": "#1"},
				"east": {"uv": [5, 0, 6, 1], "texture": "#1"},
				"south": {"uv": [5, 0, 6, 1], "texture": "#1"},
				"west": {"uv": [5, 0, 6, 1], "texture": "#1"},
				"up": {"uv": [2, 2, 3, 3], "texture": "#1"},
				"down": {"uv": [2, 2, 3, 3], "texture": "#1"}
			}
		},
		{
			"from": [0, 0, 0],
			"to": [2, 2, 2],
			"color": 4,
			"faces": {
				"north": {"uv": [0, 0, 1, 1], "texture": "#missing"},
				"east": {"uv": [0, 0, 1, 1], "texture": "#missing"},
				"south": {"uv": [0, 0, 1, 1], "texture": "#missing"},
				"west": {"uv": [0, 0, 1, 1], "texture": "#missing"},
				"up": {"uv": [0, 0, 1, 1], "texture": "#missing"},
				"down": {"uv": [0, 0, 1, 1], "texture": "#missing"}
			}
		},
		{
			"from": [0, 16, 0],
			"to": [16, 32, 16],
			"faces": {
				"north": {"uv": [0, 0, 16, 16], "texture": "#3"},
				"east": {"uv": [0, 0, 16, 16], "texture": "#3"},
				"south": {"uv": [0, 0, 16, 16], "texture": "#3"},
				"west": {"uv": [0, 0, 16, 16], "texture": "#3"},
				"up": {"uv": [0, 0, 16, 16], "texture": "#3"},
				"down": {"uv": [0, 0, 16, 16], "texture": "#3"}
			}
		}
	],
	"display": {
		"thirdperson_righthand": {
			"rotation": [75, 45, 0],
			"translation": [0, 2.5, 0],
			"scale": [0.375, 0.375, 0.375]
		},
		"thirdperson_lefthand": {
			"rotation": [75, 45, 0],
			"translation": [0, 2.5, 0],
			"scale": [0.375, 0.375, 0.375]
		},
		"firstperson_righthand": {
			"rotation": [0, 45, 0],
			"scale": [0.4, 0.4, 0.4]
		},
		"firstperson_lefthand": {
			"rotation": [0, 225, 0],
			"scale": [0.4, 0.4, 0.4]
		},
		"ground": {
			"translation": [0, 3, 0],
			"scale": [0.25, 0.25, 0.25]
		},
		"gui": {
			"rotation": [30, 225, 0],
			"scale": [0.625, 0.625, 0.625]
		},
		"head": {
			"translation": [0, -30.4, 0],
			"scale": [1.6, 1.6, 1.6]
		},
		"fixed": {
			"rotation": [-90, 0, 0],
			"translation": [0, 0, -16.01],
			"scale": [2.01, 2.01, 2.01]
		}
	}
}