{
	"credit": "Made with Blockbench",
	"texture_size": [64, 64],
	"textures": {
		"0": "item/prospecting_machine",
		"1": "item/water",
		"2": "item/machine_bottom",
		"particle": "item/prospecting_machine"
	},
	"elements": [
		{
			"from": [0, 0, 0],
			"to": [16, 16, 16],
			"faces": {
				"north": {"uv": [0, 0, 4, 4], "texture": "#0"},
				"east": {"uv": [0, 4, 4, 8], "texture": "#0"},
				"south": {"uv": [4, 0, 8, 4], "texture": "#0"},
				"west": {"uv": [4, 4, 8, 8], "texture": "#0"},
				"up": {"uv": [4, 12, 0, 8], "texture": "#0"},
				"down": {"uv": [4, 12, 0, 16], "texture": "#0"}
			}
		},
		{
			"from": [2, 13, 2],
			"to": [14, 14, 14],
			"faces": {
				"north": {"uv": [6, 0, 12, 0.5], "texture": "#1"},
				"east": {"uv": [6, 0.5, 12, 1], "texture": "#1"},
				"south": {"uv": [6, 1, 12, 1.5], "texture": "#1"},
				"west": {"uv": [6, 1.5, 12, 2], "texture": "#1"},
				"up": {"uv": [6, 6, 0, 0], "texture": "#1"},
				"down": {"uv": [6, 6, 0, 12], "texture": "#1"}
			}
		},
		{
			"from": [2, 0, 2],
			"to": [14, 10, 14],
			"faces": {
				"north": {"uv": [1.5, 0, 3, 1.25], "texture": "#2"},
				"east": {"uv": [1.5, 1.25, 3, 2.5], "texture": "#2"},
				"south": {"uv": [1.5, 2.5, 3, 3.75], "texture": "#2"},
				"west": {"uv": [1.5, 3.75, 3, 5], "texture": "#2"},
				"up": {"uv": [0, 0, 1.5, 1.5], "texture": "#2"},
				"down": {"uv": [0, 1.5, 1.5, 3], "texture": "#2"}
			}
		},
		{
			"from": [0, 10, 0],
			"to": [16, 10, 16],
			"faces": {
				"north": {"uv": [8, 0, 12, 0], "texture": "#0"},
				"east": {"uv": [8, 0, 12, 0], "texture": "#0"},
				"south": {"uv": [8, 0, 12, 0], "texture": "#0"},
				"west": {"uv": [8, 0, 12, 0], "texture": "#0"},
				"up": {"uv": [8, 0, 12, 4], "texture": "#0"},
				"down": {"uv": [8, 0, 12, 4], "texture": "#0"}
			}
		},
		{
			"from": [6, -2, 6],
			"to": [10, 0, 10],
			"faces": {
				"north": {"uv": [5, 9, 6, 9.5], "rotation": 180, "texture": "#0"},
				"east": {"uv": [4.5, 9, 5, 10], "rotation": 270, "texture": "#0"},
				"south": {"uv": [5, 9.5, 6, 10], "texture": "#0"},
				"west": {"uv": [4, 9, 4.5, 10], "rotation": 90, "texture": "#0"},
				"up": {"uv": [4, 8, 5, 9], "rotation": 180, "texture": "#0"},
				"down": {"uv": [5, 8, 6, 9], "texture": "#0"}
			}
		}
	],
	"display": {
		"thirdperson_righthand": {
			"rotation": [0, -51, 0],
			"scale": [0.3, 0.3, 0.3]
		},
		"thirdperson_lefthand": {
			"rotation": [0, -45, 0],
			"scale": [0.3, 0.3, 0.3]
		},
		"firstperson_righthand": {
			"rotation": [0, -45, 0],
			"scale": [0.4, 0.4, 0.4]
		},
		"firstperson_lefthand": {
			"rotation": [0, -45, 0],
			"scale": [0.4, 0.4, 0.4]
		},
		"ground": {
			"translation": [0, 2, 0],
			"scale": [0.25, 0.25, 0.25]
		},
		"gui": {
			"rotation": [30, 45, 0],
			"scale": [0.625, 0.625, 0.625]
		},
		"fixed": {
			"rotation": [-90, 0, 0],
			"translation": [0, 0, -16],
			"scale": [2.01, 2.01, 2.01]
		}
	}
}