{
    "parent": "minecraft:item/generated",
    "textures":{
        "layer0":"minecraft:item/amethyst_shard"
    },
    "overrides":[
      {"predicate": {"custom_model_data": 19190},"model": "minecraft:item/teleport_blocker"},
      {"predicate": {"custom_model_data": 19191},"model": "minecraft:item/speed_gem"},
      {"predicate": {"custom_model_data": 19192},"model": "minecraft:item/nv_gem"},
      {"predicate": {"custom_model_data": 19193},"model": "minecraft:item/haste_gem"},
      {"predicate": {"custom_model_data": 19194},"model": "minecraft:item/jp_gem"},
      {"predicate": {"custom_model_data": 19195},"model": "minecraft:item/fatigue_gem"},
      {"predicate": {"custom_model_data": 19196},"model": "minecraft:item/shadow_gem"}
    ]
}