{
    "parent": "minecraft:item/generated",
    "textures":{
        "layer0":"minecraft:item/gold_nugget"
    },
    "overrides":[		
        {"predicate":{"custom_model_data":13136},"model":"minecraft:item/hero_medal"},
		{"predicate": {"custom_model_data": 13151},"model": "minecraft:item/grow_gem"},
		{"predicate": {"custom_model_data": 14200},"model": "minecraft:item/night_crystal"},
		{"predicate": {"custom_model_data": 77701},"model": "minecraft:item/key_1"},
		{"predicate": {"custom_model_data": 77702},"model": "minecraft:item/key_2"},
		{"predicate": {"custom_model_data": 77703},"model": "minecraft:item/key_3"},
		{"predicate": {"custom_model_data": 77704},"model": "minecraft:item/key_4"},
		{"predicate": {"custom_model_data": 77705},"model": "minecraft:item/key_5"},
		{"predicate": {"custom_model_data": 77706},"model": "minecraft:item/key_6"},
		{"predicate": {"custom_model_data": 111112},"model": "minecraft:item/shining_star_blood"},
		{"predicate": {"custom_model_data": 131314},"model": "minecraft:item/golden_heart"}
    ]
}